date,strategy,slot,mode,trades,wins,net_pnl_usd,cum_pnl_usd
2026-09-28,K01,歷史,實單,89,78,4818.0,4818.0
2026-09-28,BigA,歷史,實單,5,4,-760.0,-760.0
2026-09-29,K01,歷史,實單,80,70,1620.0,6438.0
2026-09-29,BigA,歷史,實單,16,12,-648.0,-1408.0
2026-09-30,K01,歷史,實單,25,18,-11165.0,-4727.0
2026-09-30,BigA,歷史,實單,8,6,-499.0,-1907.0
2026-09-30,FOTT.2,策略2,實單,1,0,-3178.0,-3178.0
2026-10-01,SecBtoB.8,p策略2,紙單,3,3,371.0,371.0
2026-10-01,K01,p策略3,紙單,3,3,371.0,371.0
2026-10-01,BigA,p策略一,紙單,2,2,204.0,204.0
2026-10-01,FOTT.2,策略2,實單,1,1,1907.0,-1271.0
